sgrna,sgrna_seq,target_seq,extended_target_seq,LFC
chr1_196959066_196959088_-_2361,CATTGATTCTATTTTTCTTCAC,GTGAAGAAAAATAGAATCAATG,TATCCCAGTTGTGAAGAAAAATAGAATCAATGGCATTACTAT,-1.9527
chr1_196958980_196959002_-_2362,ATATCCAGATTTACAAACAAAT,ATTTGTTTGTAAATCTGGATAT,ACATAGTTGAATTTGTTTGTAAATCTGGATATCATCCAACAA,-1.8844
chr1_196949614_196949636_-_2363,TGTTGGTGACCATCCTTCTTCT,AGAAGAAGGATGGTCACCAACA,TAACGTGCGCAGAAGAAGGATGGTCACCAACACCAAAGTGTC,1.2768
chr1_196959107_196959129_-_2364,GTAAATTCAGAAAAAGGTGTGC,GCACACCTTTTTCTGAATTTAC,TTAGTAAAATGCACACCTTTTTCTGAATTTACTATTATATTT,1.2704
chr1_196957937_196957959_-_2365,CTGACAACAGGAATGAAGTAAT,ATTACTTCATTCCTGTTGTCAG,CAATGGAGACATTACTTCATTCCTGTTGTCAGTATATGCTCC,0.57566
chr1_196957949_196957971_-_2366,CTGGAGCATATACTGACAACAG,CTGTTGTCAGTATATGCTCCAG,TACTTCATTCCTGTTGTCAGTATATGCTCCAGGTTCATCAGT,-0.78387
chr1_196949598_196949620_-_2367,TCTTCTGCGCACGTTATGCGAG,CTCGCATAACGTGCGCAGAAGA,TCCTTTTGGACTCGCATAACGTGCGCAGAAGAAGGATGGTCA,-0.31552
chr1_196958905_196958927_-_2368,TTTTATGTTATATTTTTCCATA,TATGGAAAAATATAACATAAAA,CACAAGAAATTATGGAAAAATATAACATAAAATTAAAGTGGA,-3.7751
chr1_196959195_196959217_-_2369,CATTTTCACAAATCAACACAAA,TTTGTGTTGATTTGTGAAAATG,TAAATAAAGTTTTGTGTTGATTTGTGAAAATGCAATTACAAT,-0.14913
chr1_196949605_196949627_-_2370,CCATCCTTCTTCTGCGCACGTT,AACGTGCGCAGAAGAAGGATGG,GGACTCGCATAACGTGCGCAGAAGAAGGATGGTCACCAACAC,-1.9413
chr1_196959130_196959152_-_2371,TGAAATTGAAAACAAATATAAT,ATTATATTTGTTTTCAATTTCA,TGAATTTACTATTATATTTGTTTTCAATTTCATTTTTCAAGT,-3.7214
chr1_196959057_196959079_-_2372,TATTTTTCTTCACAACTGGGAT,ATCCCAGTTGTGAAGAAAAATA,AAACTGGTATATCCCAGTTGTGAAGAAAAATAGAATCAATGG,-0.21636
chr1_196959043_196959065_-_2373,ACTGGGATATACCAGTTTCCCA,TGGGAAACTGGTATATCCCAGT,TGTGTCAGAATGGGAAACTGGTATATCCCAGTTGTGAAGAAA,0.29796
chr1_196958008_196958030_-_2374,TATTTGATTGTTACCCTCAAGT,ACTTGAGGGTAACAATCAAATA,ACTTGTATCAACTTGAGGGTAACAATCAAATAACATGTAGAA,0.23276
chr1_196958986_196959008_-_2375,TGGATGATATCCAGATTTACAA,TTGTAAATCTGGATATCATCCA,TTGAATTTGTTTGTAAATCTGGATATCATCCAACAAAATCTC,2.7874
chr1_196949457_196949479_-_2376,ATTTTTGGAAAATCACAGAACA,TGTTCTGTGATTTTCCAAAAAT,TTCCCAGCAATGTTCTGTGATTTTCCAAAAATAAACCATGGA,-2.0642
chr1_196958934_196958956_-_2377,TAAAGCTTTTGTTGGTTTGTCC,GGACAAACCAACAAAAGCTTTA,AAATTAAAGTGGACAAACCAACAAAAGCTTTATTCAAGAACA,-0.19345
chr1_196958925_196958947_-_2378,TGTTGGTTTGTCCACTTTAATT,AATTAAAGTGGACAAACCAACA,TATAACATAAAATTAAAGTGGACAAACCAACAAAAGCTTTAT,1.1779
chr1_196958039_196958061_-_2379,GTGGTTCTGACCATTGTCCGTT,AACGGACAATGGTCAGAACCAC,AACATGTAGAAACGGACAATGGTCAGAACCACCAAAATGCTT,1.6178
chr1_196957927_196957949_-_2380,GAATGAAGTAATGTCTCCATTG,CAATGGAGACATTACTTCATTC,CACCTATTGACAATGGAGACATTACTTCATTCCTGTTGTCAG,-0.55333
chr14_23373237_23373259_-_3528,GGTGTCCTGCCCTTTGCTGGGG,CCCCAGCAAAGGGCAGGACACC,CCAGCTGCTGCCCCAGCAAAGGGCAGGACACCTCTGAGGAGC,3.7278
chr14_23373031_23373053_-_3529,TTGGCCTCCCTCCACCCTCAGC,GCTGAGGGTGGAGGGAGGCCAA,CAGAGATGCTGCTGAGGGTGGAGGGAGGCCAAGCTGCCAGGT,2.772
chr14_23376041_23376063_-_3530,CTCTTTTCAAAATGTGCAGAAG,CTTCTGCACATTTTGAAAAGAG,AAAGCCTGCACTTCTGCACATTTTGAAAAGAGCAGCTGCTGC,-1.3107
chr14_23375812_23375834_-_3531,CGGTACAGCCTGCGCTCCAGGC,GCCTGGAGCGCAGGCTGTACCG,AAGGGCTACTGCCTGGAGCGCAGGCTGTACCGTGTTTCCTTA,1.9255
chr14_23373286_23373308_-_3532,GCTCTAGGGGAGGCACAGGCAC,GTGCCTGTGCCTCCCCTAGAGC,GTGGAGCACTGTGCCTGTGCCTCCCCTAGAGCCTGCTAGGCC,2.415
chr14_23372986_23373008_-_3533,CAGCACAGCCCTCAGGCAGCCC,GGGCTGCCTGAGGGCTGTGCTG,TCAGTGCAGAGGGCTGCCTGAGGGCTGTGCTGAGAGGGAGAG,-0.98236
chr14_23375998_23376020_-_3534,CCCATCCTGTCCCGGGATCCTG,CAGGATCCCGGGACAGGATGGG,TCTGGAGCAGCAGGATCCCGGGACAGGATGGGGGGCTTTGGG,1.1275
chr14_23373098_23373120_-_3535,ATCTGCACCCTCCCCCTGGGAT,ATCCCAGGGGGAGGGTGCAGAT,AGAAACTGGGATCCCAGGGGGAGGGTGCAGATGAGGGAGCGA,0.96613
chr14_23375957_23375979_-_3536,ACAGGGGCCAAGCATCTGGGCA,TGCCCAGATGCTTGGCCCCTGT,AGGGCCAGGATGCCCAGATGCTTGGCCCCTGTGAAGTGCTGT,2.122
chr14_23375707_23375729_-_3537,CCCCGGGGGTCCATGTGGGAGC,GCTCCCACATGGACCCCCGGGG,CTACAGACAGGCTCCCACATGGACCCCCGGGGCAACTCGGAG,2.0219
chr14_23372838_23372860_-_3538,TGTTTTGTTTATTCAAATTTAT,ATAAATTTGAATAAACAAAACA,GACAGTGGAAATAAATTTGAATAAACAAAACAGGCTTGCTGA,-1.7349
chr14_23373239_23373261_-_3539,GAGGTGTCCTGCCCTTTGCTGG,CCAGCAAAGGGCAGGACACCTC,AGCTGCTGCCCCAGCAAAGGGCAGGACACCTCTGAGGAGCTG,3.0161
chr14_23372925_23372947_-_3540,GTCACAAGTGGGGCACTGACTG,CAGTCAGTGCCCCACTTGTGAC,CGAGGCCTGTCAGTCAGTGCCCCACTTGTGACTGAGTGTGCA,0.82426
chr14_23375662_23375684_-_3541,GGGCACAGGCAACGGGCGTGGT,ACCACGCCCGTTGCCTGTGCCC,CAGGACCTGTACCACGCCCGTTGCCTGTGCCCGCACTGCGTC,1.7862
chr14_23376077_23376099_-_3542,AGGACACCAGCTTCCGGCGGCC,GGCCGCCGGAAGCTGGTGTCCT,TGCTGCTTAGGGCCGCCGGAAGCTGGTGTCCTGTCATTTTCT,-1.9985
chr14_23375854_23375876_-_3543,CCCATCACACGGGGCCGCACAC,GTGTGCGGCCCCGTGTGATGGG,GCTTGTGTGTGTGTGCGGCCCCGTGTGATGGGCTAGCCGGAC,0.002884
chr14_23373254_23373276_-_3544,CTCAGCAGCTCCTCAGAGGTGT,ACACCTCTGAGGAGCTGCTGAG,AAAGGGCAGGACACCTCTGAGGAGCTGCTGAGGTGGAGCACT,-0.50669
chr14_23375985_23376007_-_3545,GGGATCCTGCTGCTCCAGACAG,CTGTCTGGAGCAGCAGGATCCC,CTGTGAAGTGCTGTCTGGAGCAGCAGGATCCCGGGACAGGAT,1.4364
chr14_23373342_23373364_-_3546,GAGGGGTCCATCTTCACTGGCC,GGCCAGTGAAGATGGACCCCTC,AGTCCTGTAGGGCCAGTGAAGATGGACCCCTCAACAGCAGGG,2.7151
chr14_23376081_23376103_-_3547,TGACAGGACACCAGCTTCCGGC,GCCGGAAGCTGGTGTCCTGTCA,GCTTAGGGCCGCCGGAAGCTGGTGTCCTGTCATTTTCTCTCA,0.89036
chr6_159906984_159907006_-_3868,GATGTTCGTGGGTTCCTCAACA,TGTTGAGGAACCCACGAACATC,CATCATTTGTTGTTGAGGAACCCACGAACATCTCAACTGGCA,1.5887
chr6_159907591_159907613_-_3869,CCCACGTGTTCTTCCGGATCTT,AAGATCCGGAAGAACACGTGGG,CTTGGTCGTGAAGATCCGGAAGAACACGTGGGCTTCCCATTC,-1.7195
chr6_159907215_159907237_-_3870,ATCTAAAGCATAGTCGATAGAC,GTCTATCGACTATGCTTTAGAT,TTTTCATCTTGTCTATCGACTATGCTTTAGATTATGAGCTTT,-1.6473
chr6_159907088_159907110_-_3871,ATCCCATTCTCAACAAACCCCA,TGGGGTTTGTTGAGAATGGGAT,ATCTCCCCAGTGGGGTTTGTTGAGAATGGGATTCTCCTCTGG,-1.7599
chr6_159907985_159908007_-_3872,TAAGTCATATTCCAAGCACAAA,TTTGTGCTTGGAATATGACTTA,TCATTTTTAGTTTGTGCTTGGAATATGACTTAAGTATCTCCT,-1.7429
chr6_159907029_159907051_-_3873,GATTTGCCGATGTGCATTCCCG,CGGGAATGCACATCGGCAAATC,ACGCCTCAGTCGGGAATGCACATCGGCAAATCCCCATCGTGC,1.3727
chr6_159908045_159908067_-_3874,TAATTAGTATCTCATGCATATG,CATATGCATGAGATACTAATTA,CATCTCATCCCATATGCATGAGATACTAATTAATGATGAAAT,-1.2385
chr6_159907605_159907627_-_3875,GGAGGAATGGGAAGCCCACGTG,CACGTGGGCTTCCCATTCCTCC,TCCGGAAGAACACGTGGGCTTCCCATTCCTCCAAGCTTTACA,0.62706
chr6_159907918_159907940_-_3876,ACAGTTCTTAGACGACAGTCTC,GAGACTGTCGTCTAAGAACTGT,GGTCACAGTTGAGACTGTCGTCTAAGAACTGTGAGGGAAGTT,-1.6275
chr6_159907986_159908008_-_3877,TTAAGTCATATTCCAAGCACAA,TTGTGCTTGGAATATGACTTAA,CATTTTTAGTTTGTGCTTGGAATATGACTTAAGTATCTCCTA,-0.91154
chr6_159907108_159907130_-_3878,AGCACAGGAACCAGAGGAGAAT,ATTCTCCTCTGGTTCCTGTGCT,TGAGAATGGGATTCTCCTCTGGTTCCTGTGCTTCCGGATGAG,0.20862
chr6_159907892_159907914_-_3879,GTGACCGTATTACAATTGTCTT,AAGACAATTGTAATACGGTCAC,CGGCGCCAGAAAGACAATTGTAATACGGTCACAGTTGAGACT,0.78241
chr6_159907932_159907954_-_3880,CCACAACTTCCCTCACAGTTCT,AGAACTGTGAGGGAAGTTGTGG,CTGTCGTCTAAGAACTGTGAGGGAAGTTGTGGATAAAAATGG,-1.8082
chr6_159907205_159907227_-_3881,TAGTCGATAGACAAGATGAAAA,TTTTCATCTTGTCTATCGACTA,CTCTTCTGTATTTTCATCTTGTCTATCGACTATGCTTTAGAT,2.9774
chr6_159908054_159908076_-_3882,TTTCATCATTAATTAGTATCTC,GAGATACTAATTAATGATGAAA,CCATATGCATGAGATACTAATTAATGATGAAATTGAACTCTT,-2.1182
chr6_159907769_159907791_-_3883,ATGAAAGGGTTGGCGCTACTGT,ACAGTAGCGCCAACCCTTTCAT,TCCACAATCAACAGTAGCGCCAACCCTTTCATTTACTTCTTT,-1.182
chr6_159907356_159907378_-_3884,TCGGTACCAGATGGGGTAAAGG,CCTTTACCCCATCTGGTACCGA,GCCTGTCAGTCCTTTACCCCATCTGGTACCGATGCCATCGCC,1.6136
chr6_159907765_159907787_-_3885,AAGGGTTGGCGCTACTGTTGAT,ATCAACAGTAGCGCCAACCCTT,CTTCTCCACAATCAACAGTAGCGCCAACCCTTTCATTTACTT,1.6542
chr6_159907488_159907510_-_3886,TCGGCAGTCATTCCGAGAGTGA,TCACTCTCGGAATGACTGCCGA,AAGAAGAGAGTCACTCTCGGAATGACTGCCGAGCAGTCATCA,0.37337
chr6_159907808_159907830_-_3887,TTGAATCTCTTCTTCTTACTGC,GCAGTAAGAAGAAGAGATTCAA,TTTGTGGGAAGCAGTAAGAAGAAGAGATTCAAGGAGTCCTTA,-2.0938
chrX_41447630_41447652_-_4263,TCTATTAGGAAACCCTTTGTCA,TGACAAAGGGTTTCCTAATAGA,GGCTGTAGCCTGACAAAGGGTTTCCTAATAGATCCAAACTGT,-0.031325
chrX_41474764_41474786_-_4264,TGTCGGACAGGGAGGCGTTGGC,GCCAACGCCTCCCTGTCCGACA,TGGGGGGCTGGCCAACGCCTCCCTGTCCGACAGCCTCTCCTC,2.5888
chrX_41447518_41447540_-_4265,GAATGGTCCTCAAATGTTGCTT,AAGCAACATTTGAGGACCATTC,CCAGGACGGTAAGCAACATTTGAGGACCATTCACTAACGCTT,1.2596
chrX_41474222_41474244_-_4266,TTGCCACCCAGGTTGAGCGTGC,GCACGCTCAACCTGGGTGGCAA,CGGCGCCTGCGCACGCTCAACCTGGGTGGCAACGCGCTGGAC,0.17939
chrX_41447647_41447669_-_4267,CAAATGGACAGTTTGGATCTAT,ATAGATCCAAACTGTCCATTTG,GGGTTTCCTAATAGATCCAAACTGTCCATTTGTGGGGAGCTT,-1.4496
chrX_41447754_41447776_-_4268,CTTCCTGAATGCCCTGCCTTTC,GAAAGGCAGGGCATTCAGGAAG,GAGGAAGAAAGAAAGGCAGGGCATTCAGGAAGAAGTGTGGAG,-0.04653
chrX_41447798_41447820_-_4269,TGCCCAGGAGGGCCCCATGAGA,TCTCATGGGGCCCTCCTGGGCA,ATGGGAGGGTTCTCATGGGGCCCTCCTGGGCACTGGGTGACC,3.705
chrX_41447680_41447702_-_4270,AACCAGTAACAACAGAAAATCA,TGATTTTCTGTTGTTACTGGTT,GGGGAGCTTCTGATTTTCTGTTGTTACTGGTTTCCCTTAGCC,-3.1071
chrX_41473846_41473868_-_4271,GGCGCAGGCGGCTGAGCGCCGC,GCGGCGCTCAGCCGCCTGCGCC,GCGCACCTTCGCGGCGCTCAGCCGCCTGCGCCGCCTAGACCT,3.6311
chrX_41474818_41474840_-_4272,CGAGGAGAAACCAGGGCTGCCG,CGGCAGCCCTGGTTTCTCCTCG,AGGCGCGGGCCGGCAGCCCTGGTTTCTCCTCGCCTCTTGTCT,-0.074558
chrX_41447470_41447492_-_4273,GCTCCTCTGAGGTCCCCCTCCA,TGGAGGGGGACCTCAGAGGAGC,GCTGAGGGAGTGGAGGGGGACCTCAGAGGAGCAGGACCAGGG,0.90687
chrX_41474483_41474505_-_4274,ATCCAGTCCCTCAGCCACTCCA,TGGAGTGGCTGAGGGACTGGAT,GACTGCCGTCTGGAGTGGCTGAGGGACTGGATGGAGGGCTCC,0.2322
chrX_41474841_41474863_-_4275,CACGCTGGGCAGGAGACAAGAG,CTCTTGTCTCCTGCCCAGCGTG,TTCTCCTCGCCTCTTGTCTCCTGCCCAGCGTGGCCCAGCACG,0.41551
chrX_41473952_41473974_-_4276,ACGCGGCGGAACAGGTTGTCGA,TCGACAACCTGTTCCGCCGCGT,CTCGCCGCCTTCGACAACCTGTTCCGCCGCGTGCCGGGCGCG,2.4152
chrX_41447660_41447682_-_4277,CAGAAGCTCCCCACAAATGGAC,GTCCATTTGTGGGGAGCTTCTG,GATCCAAACTGTCCATTTGTGGGGAGCTTCTGATTTTCTGTT,0.39448
chrX_41475571_41475593_-_4278,CCACAAACACACCCCCTGCTGC,GCAGCAGGGGGTGTGTTTGTGG,GAAAAAAGGGGCAGCAGGGGGTGTGTTTGTGGACAAATAAAT,0.29489
chrX_41447784_41447806_-_4279,CCATGAGAACCCTCCCATGCCT,AGGCATGGGAGGGTTCTCATGG,AGAAGTGTGGAGGCATGGGAGGGTTCTCATGGGGCCCTCCTG,-0.11655
chrX_41447688_41447710_-_4280,CTAAGGGAAACCAGTAACAACA,TGTTGTTACTGGTTTCCCTTAG,TCTGATTTTCTGTTGTTACTGGTTTCCCTTAGCCCAACACCA,-0.17146
chrX_41447675_41447697_-_4281,GTAACAACAGAAAATCAGAAGC,GCTTCTGATTTTCTGTTGTTAC,TTTGTGGGGAGCTTCTGATTTTCTGTTGTTACTGGTTTCCCT,0.38167
chrX_41475427_41475449_-_4282,AACCACCGCCACCCTTTGTCTT,AAGACAAAGGGTGGCGGTGGTT,AGAGAGATTTAAGACAAAGGGTGGCGGTGGTTCCTGGGGTCT,-0.95724
chr7_143960928_143960950_-_4357,TGTTTTCTCTAAGTCATACTCA,TGAGTATGACTTAGAGAAAACA,ACTTGACTCATGAGTATGACTTAGAGAAAACAGCTTTGCCTC,-1.9999
chr7_143960863_143960885_-_4358,TAATAGTTTCTGCCAGGCCCCC,GGGGGCCTGGCAGAAACTATTA,AAGAGGTGAAGGGGGCCTGGCAGAAACTATTATGGAAATTCT,-2.2027
chr7_143960699_143960721_-_4359,ACAGGGCAACCACTGTGAGGTG,CACCTCACAGTGGTTGCCCTGT,GTGTGCCTCTCACCTCACAGTGGTTGCCCTGTGCTATGGTGT,1.5526
chr7_143960993_143961015_-_4360,GTTGCCAGGGCAATGTAGTTTA,TAAACTACATTGCCCTGGCAAC,CTGACAGGTGTAAACTACATTGCCCTGGCAACCAGGAAGGAG,1.0789
chr7_143960930_143960952_-_4361,GCTGTTTTCTCTAAGTCATACT,AGTATGACTTAGAGAAAACAGC,TTGACTCATGAGTATGACTTAGAGAAAACAGCTTTGCCTCAG,-1.4381
chr7_143960806_143960828_-_4362,GTTCAGCATTGGTGTTAAAATG,CATTTTAACACCAATGCTGAAC,TCTTTTATGCCATTTTAACACCAATGCTGAACCCCATGATTT,1.0472
chr7_143960728_143960750_-_4363,GATGTAAGTGAAAATGGCCACA,TGTGGCCATTTTCACTTACATC,TGTGCTATGGTGTGGCCATTTTCACTTACATCCAGCCCCACT,-1.1098
chr7_143960022_143960044_-_4364,ACCCGAGTGTCCCAGTCACTGG,CCAGTGACTGGGACACTCGGGT,CTCGGCCTGTCCAGTGACTGGGACACTCGGGTCTCCCTGTTT,-0.98209
chr7_143960790_143960812_-_4365,AAAATGGCATAAAAGACAGAGA,TCTCTGTCTTTTATGCCATTTT,GAGAAGTTGTTCTCTGTCTTTTATGCCATTTTAACACCAATG,-0.42815
chr7_143960186_143960208_-_4366,GAGGGACTACACTTGTGGCATA,TATGCCACAAGTGTAGTCCCTC,CGATGTCTCCTATGCCACAAGTGTAGTCCCTCAGCTGCTGGC,0.14574
chr7_143960686_143960708_-_4367,TGTGAGGTGAGAGGCACACGTG,CACGTGTGCCTCTCACCTCACA,AAGCTTTCCACACGTGTGCCTCTCACCTCACAGTGGTTGCCC,-0.064633
chr7_143960842_143960864_-_4368,CTTCACCTCTTTATTCCTTAGG,CCTAAGGAATAAAGAGGTGAAG,TGATTTACAGCCTAAGGAATAAAGAGGTGAAGGGGGCCTGGC,-1.0443
chr7_143960614_143960636_-_4369,GATGATCTGGATGTAGGACAAA,TTTGTCCTACATCCAGATCATC,GCCTGGTTCTTTTGTCCTACATCCAGATCATCTCCACCATCC,-0.82958
chr7_143960671_143960693_-_4370,ACACGTGTGGAAAGCTTTCTTT,AAAGAAAGCTTTCCACACGTGT,GAGAAGGAAGAAAGAAAGCTTTCCACACGTGTGCCTCTCACC,-0.73747
chr7_143960951_143960973_-_4371,GGTGGAGAACACTGAGGCAAAG,CTTTGCCTCAGTGTTCTCCACC,GAGAAAACAGCTTTGCCTCAGTGTTCTCCACCCAGCTGAGAT,0.66309
chr7_143960824_143960846_-_4372,TAGGCTGTAAATCATGGGGTTC,GAACCCCATGATTTACAGCCTA,CACCAATGCTGAACCCCATGATTTACAGCCTAAGGAATAAAG,-1.3425
chr7_143960590_143960612_-_4373,AACCAGGCAGAAGGGTGTCATC,GATGACACCCTTCTGCCTGGTT,TTGTTCTTCTGATGACACCCTTCTGCCTGGTTCTTTTGTCCT,0.17458
chr7_143960770_143960792_-_4374,GAACAACTTCTCCTGAAGGACA,TGTCCTTCAGGAGAAGTTGTTC,CCAGTCCCTCTGTCCTTCAGGAGAAGTTGTTCTCTGTCTTTT,-1.4546
chr7_143960831_143960853_-_4375,TATTCCTTAGGCTGTAAATCAT,ATGATTTACAGCCTAAGGAATA,GCTGAACCCCATGATTTACAGCCTAAGGAATAAAGAGGTGAA,-2.3185
chr7_143960664_143960686_-_4376,TGGAAAGCTTTCTTTCTTCCTT,AAGGAAGAAAGAAAGCTTTCCA,CAGTCCAGAGAAGGAAGAAAGAAAGCTTTCCACACGTGTGCC,-1.535
chr1_153418154_153418176_-_5648,GGCTTGGCTTCTCAATCTTGCC,GGCAAGATTGAGAAGCCAAGCC,CGGACGTGATGGCAAGATTGAGAAGCCAAGCCTGCTGACGAT,2.4309
chr1_153416539_153416561_-_5649,GAACTGGGAAGTGTCACGAGTA,TACTCGTGACACTTCCCAGTTC,CTCATCCTTCTACTCGTGACACTTCCCAGTTCTGGTAAGTCT,1.7968
chr1_153421156_153421178_-_5650,ACATTTCTGGTAGAGGCAGTAG,CTACTGCCTCTACCAGAAATGT,ATCTTTTAAACTACTGCCTCTACCAGAAATGTCTTTTAATAC,-1.6581
chr1_153416530_153416552_-_5651,AGTGTCACGAGTAGAAGGATGA,TCATCCTTCTACTCGTGACACT,CACATCTCACTCATCCTTCTACTCGTGACACTTCCCAGTTCT,-1.2609
chr1_153422070_153422092_-_5652,TGGGATCTTAACTAGGAACTGT,ACAGTTCCTAGTTAAGATCCCA,TGTGTGGCATACAGTTCCTAGTTAAGATCCCAAATCCTGAGA,-1.7624
chr1_153418137_153418159_-_5653,TTGCCATCACGTCCGGTGTATT,AATACACCGGACGTGATGGCAA,ATGTTTCACAAATACACCGGACGTGATGGCAAGATTGAGAAG,1.4204
chr1_153418201_153418223_-_5654,ACAGGCACTGAGGAAATTGGGG,CCCCAATTTCCTCAGTGCCTGT,AGGAGAACTTCCCCAATTTCCTCAGTGCCTGTGTGAGTTGGG,1.0805
chr1_153416537_153416559_-_5655,ACTGGGAAGTGTCACGAGTAGA,TCTACTCGTGACACTTCCCAGT,CACTCATCCTTCTACTCGTGACACTTCCCAGTTCTGGTAAGT,0.31229
chr1_153416536_153416558_-_5656,CTGGGAAGTGTCACGAGTAGAA,TTCTACTCGTGACACTTCCCAG,TCACTCATCCTTCTACTCGTGACACTTCCCAGTTCTGGTAAG,1.4865
chr1_153421227_153421249_-_5657,GTCTAAGAGACACTGACATTAA,TTAATGTCAGTGTCTCTTAGAC,AGGCTGAGCTTTAATGTCAGTGTCTCTTAGACATTCAGAGGG,0.74997
chr1_153421231_153421253_-_5658,GAATGTCTAAGAGACACTGACA,TGTCAGTGTCTCTTAGACATTC,TGAGCTTTAATGTCAGTGTCTCTTAGACATTCAGAGGGTGAA,0.24886
chr1_153419147_153419169_-_5659,CGAGGTAATGTATGCCCTTTTT,AAAAAGGGCATACATTACCTCG,TTCACAGGACAAAAAGGGCATACATTACCTCGCCACTGTCTT,-0.56822
chr1_153420103_153420125_-_5660,AGAATTTCCGTGATGCTGCCTT,AAGGCAGCATCACGGAAATTCT,TGGCTGGAATAAGGCAGCATCACGGAAATTCTGTAAGGACTG,-2.1341
chr1_153418148_153418170_-_5661,GCTTCTCAATCTTGCCATCACG,CGTGATGGCAAGATTGAGAAGC,ATACACCGGACGTGATGGCAAGATTGAGAAGCCAAGCCTGCT,-1.9568
chr1_153420901_153420923_-_5662,ATCTGCAGGGAAGGTATGGCCC,GGGCCATACCTTCCCTGCAGAT,CACTTTCCTTGGGCCATACCTTCCCTGCAGATCTCCAGCCCA,-0.067207
chr1_153416538_153416560_-_5663,AACTGGGAAGTGTCACGAGTAG,CTACTCGTGACACTTCCCAGTT,ACTCATCCTTCTACTCGTGACACTTCCCAGTTCTGGTAAGTC,-0.55907
chr1_153420804_153420826_-_5664,AGAAGGCAGCAGGGGGCTGGGA,TCCCAGCCCCCTGCTGCCTTCT,CATTTTCTCCTCCCAGCCCCCTGCTGCCTTCTCTATGCAGCC,1.3064
chr1_153420976_153420998_-_5665,CGGTTCTAAGCAGTGACCAGCA,TGCTGGTCACTGCTTAGAACCG,CCACCGGGACTGCTGGTCACTGCTTAGAACCGTCATGCCAGG,-1.0544
chr1_153420776_153420798_-_5666,AATGAAAGCCCAGGGACTGTAG,CTACAGTCCCTGGGCTTTCATT,TCACGGAGACCTACAGTCCCTGGGCTTTCATTTTCTCCTCCC,-0.79377
chr1_153420603_153420625_-_5667,ATGTTCCTGATAAGGAGAGGAG,CTCCTCTCCTTATCAGGAACAT,AGACCAGCATCTCCTCTCCTTATCAGGAACATTCCTTCCTGA,0.93758
chr6_88047972_88047994_-_5843,GTCCCGCGCGCGGACTGGAGGC,GCCTCCAGTCCGCGCGCGGGAC,CTTCTGGCGGGCCTCCAGTCCGCGCGCGGGACCAACGTCACC,3.7081
chr6_88053962_88053984_-_5844,TTCCGAATTCTACTTCTTTGAC,GTCAAAGAAGTAGAATTCGGAA,TAGGAATGTCGTCAAAGAAGTAGAATTCGGAATGTGCACCGT,0.76136
chr6_88053954_88053976_-_5845,TCTACTTCTTTGACGACATTCC,GGAATGTCGTCAAAGAAGTAGA,GTTTCAAATAGGAATGTCGTCAAAGAAGTAGAATTCGGAATG,-1.9676
chr6_88064135_88064157_-_5846,CAGCACAAAAATTAGGGCTGCA,TGCAGCCCTAATTTTTGTGCTG,CAGCCACTGATGCAGCCCTAATTTTTGTGCTGACCATAGGAG,-1.4246
chr6_88066630_88066652_-_5847,AAGACAAAACAGGCAAATCACC,GGTGATTTGCCTGTTTTGTCTT,TAACTTCTTAGGTGATTTGCCTGTTTTGTCTTAAATAAGAAC,-2.51
chr6_88053979_88054001_-_5848,ACATGTAACGGTGCACATTCCG,CGGAATGTGCACCGTTACATGT,AAGTAGAATTCGGAATGTGCACCGTTACATGTGGTAAGTAGC,-1.9291
chr6_88058800_88058822_-_5849,TTGGTCTTGTCTTAGAAGTTTC,GAAACTTCTAAGACAAGACCAA,AATATATGTGGAAACTTCTAAGACAAGACCAAGTGAGTAATG,-0.34
chr6_88057642_88057664_-_5850,GGATTCACCACCAGGGCATCCA,TGGATGCCCTGGTGGTGAATCC,TATTAACAAATGGATGCCCTGGTGGTGAATCCAAGTGTGTTG,-1.0881
chr6_88058792_88058814_-_5851,GTCTTAGAAGTTTCCACATATA,TATATGTGGAAACTTCTAAGAC,TCGTTTCAAATATATGTGGAAACTTCTAAGACAAGACCAAGT,3.5762
chr6_88066610_88066632_-_5852,CCTAAGAAGTTATCAAAGTGAT,ATCACTTTGATAACTTCTTAGG,TGCATTTTTGATCACTTTGATAACTTCTTAGGTGATTTGCCT,-0.56944
chr6_88047905_88047927_-_5853,AGCCCGTGCCCCTGGGGCTCAT,ATGAGCCCCAGGGGCACGGGCT,GCCGAGAACCATGAGCCCCAGGGGCACGGGCTGCTCCGCCGG,1.6687
chr6_88059458_88059480_-_5854,CTGAATCATTTACAAGTATAAT,ATTATACTTGTAAATGATTCAG,ATAGCAATCCATTATACTTGTAAATGATTCAGCAATCCTAGA,-1.297
chr6_88066236_88066258_-_5855,TGTATCTCACAGAACTCTGCTC,GAGCAGAGTTCTGTGAGATACA,GGTACAATCCGAGCAGAGTTCTGTGAGATACAAAGATTCAAC,-0.29336
chr6_88048055_88048077_-_5856,TCTCGCTGTCGTTGTTTTCGGT,ACCGAAAACAACGACAGCGAGA,CGAGGAGGAGACCGAAAACAACGACAGCGAGACCGCGGAGAA,-0.24249
chr6_88057637_88057659_-_5857,CACCACCAGGGCATCCATTTGT,ACAAATGGATGCCCTGGTGGTG,AGTTATATTAACAAATGGATGCCCTGGTGGTGAATCCAAGTG,0.03499
chr6_88064177_88064199_-_5858,CAATAAGAAAATTATAAATACA,TGTATTTATAATTTTCTTATTG,TCATTATCTGTGTATTTATAATTTTCTTATTGATCTTCATAA,-4.6596
chr6_88066613_88066635_-_5859,TCACCTAAGAAGTTATCAAAGT,ACTTTGATAACTTCTTAGGTGA,ATTTTTGATCACTTTGATAACTTCTTAGGTGATTTGCCTGTT,-0.29119
chr6_88066781_88066803_-_5860,ATCGTTATTACTTCATGTCTTA,TAAGACATGAAGTAATAACGAT,ACAAAGTTTGTAAGACATGAAGTAATAACGATAATGATAACA,-2.1765
chr6_88047793_88047815_-_5861,TAGCCGCCCGGCTCCGAATCCC,GGGATTCGGAGCCGGGCGGCTA,GGTTCGTCACGGGATTCGGAGCCGGGCGGCTACGGGCGGGGT,2.0039
chr6_88059475_88059497_-_5862,GCGTACTTCTAGGATTGCTGAA,TTCAGCAATCCTAGAAGTACGC,TTGTAAATGATTCAGCAATCCTAGAAGTACGCAAGGAAAGTC,0.41016
chr20_23036285_23036307_-_5913,AAAGGCATCCAGCAGAGCACAA,TTGTGCTCTGCTGGATGCCTTT,GTGGTCGTCTTTGTGCTCTGCTGGATGCCTTTCTACGTGGTG,-0.27611
chr20_23036560_23036582_-_5914,GGCAGGGGAGTGGGGGGCACAT,ATGTGCCCCCCACTCCCCTGCC,GGCAGGGTGCATGTGCCCCCCACTCCCCTGCCAGCAGGAAGC,3.0315
chr20_23035620_23035642_-_5915,GATGCACTGGATAGCGACCATG,CATGGTCGCTATCCAGTGCATC,GGGCGGCGGGCATGGTCGCTATCCAGTGCATCTACGCGCTGG,-1.3937
chr20_23035478_23035500_-_5916,GTCGAGGGGGCGCTCATGACCA,TGGTCATGAGCGCCCCCTCGAC,CCGGCACCCCTGGTCATGAGCGCCCCCTCGACGCTGCCCCCC,3.3402
chr20_23035715_23035737_-_5917,TAGATGTTGGTAGCCGTCTTCA,TGAAGACGGCTACCAACATCTA,TACGCCAAGATGAAGACGGCTACCAACATCTACCTGCTCAAC,-1.2262
chr20_23036121_23036143_-_5918,GAAGCCCAGCAGGAAAGTGTAG,CTACACTTTCCTGCTGGGCTTC,TCTTCGTGGTCTACACTTTCCTGCTGGGCTTCCTGCTGCCCG,0.42024
chr20_23036485_23036507_-_5919,CCTCCTCAGCACCTCCAGCACC,GGTGCTGGAGGTGCTGAGGAGG,CCTCCTGGAAGGTGCTGGAGGTGCTGAGGAGGAGCCCCTGGA,-0.38446
chr20_23036064_23036086_-_5920,CTGCAGGTTGCAGGCCACGGCC,GGCCGTGGCCTGCAACCTGCAG,GCGGCGGCCAGGCCGTGGCCTGCAACCTGCAGTGGCCACACC,2.6882
chr20_23036603_23036625_-_5921,GGGATGCGCTTGCGGCCGGGTT,AACCCGGCCGCAAGCGCATCCC,CTGCAACCAGAACCCGGCCGCAAGCGCATCCCCCTCACCAGG,0.52836
chr20_23036077_23036099_-_5922,CCGGGTGTGGCCACTGCAGGTT,AACCTGCAGTGGCCACACCCGG,CGTGGCCTGCAACCTGCAGTGGCCACACCCGGCCTGGTCGGC,-0.65236
chr20_23036260_23036282_-_5923,CGACCACGACCATCAGCACCAG,CTGGTGCTGATGGTCGTGGTCG,AATCACCAGGCTGGTGCTGATGGTCGTGGTCGTCTTTGTGCT,0.31167
chr20_23035550_23035572_-_5924,GCCGGAGCGCTACTGGCATTGG,CCAATGCCAGTAGCGCTCCGGC,CCCTCTGCAGCCAATGCCAGTAGCGCTCCGGCGGAGGCGGAG,1.5256
chr20_23036612_23036634_-_5925,CTGGTGAGGGGGATGCGCTTGC,GCAAGCGCATCCCCCTCACCAG,GAACCCGGCCGCAAGCGCATCCCCCTCACCAGGACCACCACC,2.8138
chr20_23035832_23035854_-_5926,CTGAGCACCGCGCGGCACAGCA,TGCTGTGCCGCGCGGTGCTCAG,TTCGGCTCCGTGCTGTGCCGCGCGGTGCTCAGCGTCGACGGC,-1.0688
chr20_23036527_23036549_-_5927,CACCTTTGCTCTTGAGAGCAGT,ACTGCTCTCAAGAGCAAAGGTG,CTACTATGCCACTGCTCTCAAGAGCAAAGGTGGGGCAGGGTG,-0.3619
chr20_23035957_23035979_-_5928,TGAGCTTGGCCACGCTGGGCCG,CGGCCCAGCGTGGCCAAGCTCA,GACCTACCGGCGGCCCAGCGTGGCCAAGCTCATCAACCTGGG,0.4
chr20_23035861_23035883_-_5929,CGCTGGTGAACATGTTGAGGCC,GGCCTCAACATGTTCACCAGCG,CAGCGTCGACGGCCTCAACATGTTCACCAGCGTCTTCTGTCT,-0.1077
chr20_23035640_23035662_-_5930,ACCAGGCACACCAGCGCGTAGA,TCTACGCGCTGGTGTGCCTGGT,ATCCAGTGCATCTACGCGCTGGTGTGCCTGGTGGGGCTGGTG,-1.3723
chr20_23036136_23036158_-_5931,CAGCACGGGCAGCAGGAAGCCC,GGGCTTCCTGCTGCCCGTGCTG,CTTTCCTGCTGGGCTTCCTGCTGCCCGTGCTGGCCATTGGCC,1.6856
chr20_23036169_23036191_-_5932,GCCCACGATGAGCAGGTAGCAC,GTGCTACCTGCTCATCGTGGGC,CCATTGGCCTGTGCTACCTGCTCATCGTGGGCAAGATGCGCG,-0.76107
chr6_29487154_29487176_+_7904,ATCTAATGAGTAGAGTCAGACT,AGTCTGACTCTACTCATTAGAT,GTGTGTGTCGAGTCTGACTCTACTCATTAGATTCCTGTGCTG,-1.4746
chr6_29486940_29486962_+_7905,CTGAGGCTCCCCACAAAGAAAT,ATTTCTTTGTGGGGAGCCTCAG,CCTATCATTTATTTCTTTGTGGGGAGCCTCAGAAAGAAAAGG,-0.36744
chr6_29487785_29487807_+_7906,CTGTGCCTCCTGGTCACCACTG,CAGTGGTGACCAGGAGGCACAG,TTTGTCTCCACAGTGGTGACCAGGAGGCACAGAACCCAAACC,0.34131
chr6_29487709_29487731_+_7907,TCATCTGCATATGTATGGTTTC,GAAACCATACATATGCAGATGA,TGAGACGAATGAAACCATACATATGCAGATGAGCATGGCAGT,-1.3953
chr6_29487045_29487067_+_7908,ATGAGGGGTGCCACGCTCAGGG,CCCTGAGCGTGGCACCCCTCAT,TGGGCCCTACCCCTGAGCGTGGCACCCCTCATAACAGATTTC,1.5698
chr6_29487757_29487779_+_7909,CACAGAGCTGAGATACCAGGTT,AACCTGGTATCTCAGCTCTGTG,ACAGAACCCAAACCTGGTATCTCAGCTCTGTGGCGTCTTTCT,1.0819
chr6_29486783_29486805_+_7910,CCTGTGCTCCCTGGGAAGAAGG,CCTTCTTCCCAGGGAGCACAGG,ATGTGGAGAACCTTCTTCCCAGGGAGCACAGGGTCGATGTGG,1.6464
chr6_29487265_29487287_+_7911,TTAGGAAAAGTGATTTTACTAT,ATAGTAAAATCACTTTTCCTAA,TTGCATCAACATAGTAAAATCACTTTTCCTAACTTACTGGAA,-1.4605
chr6_29487649_29487671_+_7912,CCAGCACAGCCTTGGGGGCAAT,ATTGCCCCCAAGGCTGTGCTGG,CTTGAATATCATTGCCCCCAAGGCTGTGCTGGTCTCCCTCTG,-0.4959
chr6_29487220_29487242_+_7913,AAAGCTTTAGAAATATGACACA,TGTGTCATATTTCTAAAGCTTT,TGTAAAGGCATGTGTCATATTTCTAAAGCTTTCTGGGCTCTT,-1.7006
chr6_29487107_29487129_+_7914,CACCGCATAGACCCTGGTGGCC,GGCCACCAGGGTCTATGCGGTG,AGCAGCAAAAGGCCACCAGGGTCTATGCGGTGGTGCAGATCT,-0.58011
chr6_29486826_29486848_+_7915,TGTGGTTGCTCCATTGGGTCGA,TCGACCCAATGGAGCAACCACA,GCAGCTGGCATCGACCCAATGGAGCAACCACACTCTACTCAG,1.0135
chr6_29487614_29487636_+_7916,GACAGTGCCATTCAATAAGACC,GGTCTTATTGAATGGCACTGTC,CCCTCTGTGGGGTCTTATTGAATGGCACTGTCTTCTGGCTGC,-1.1023
chr6_29487580_29487602_+_7917,AGGGATTCGTGGCCCCACAGCA,TGCTGTGGGGCCACGAATCCCT,CTGGCTGCTTTGCTGTGGGGCCACGAATCCCTACATGGTATA,-0.68959
chr6_29487772_29487794_+_7918,CCAGGTTTGGGTTCTGTGCCTC,GAGGCACAGAACCCAAACCTGG,TGGTGACCAGGAGGCACAGAACCCAAACCTGGTATCTCAGCT,1.1569
chr6_29487307_29487329_+_7919,CCCAGATGAGGGTGCAGACAAC,GTTGTCTGCACCCTCATCTGGG,CACATCTAATGTTGTCTGCACCCTCATCTGGGGCCTGCCTTT,0.38168
chr6_29487195_29487217_+_7920,GAAAGGATAGCATGGAAGAGCC,GGCTCTTCCATGCTATCCTTTC,AAGCTTTCTGGGCTCTTCCATGCTATCCTTTCACTTGTGATG,-0.41442
chr6_29487875_29487897_+_7921,GAACCAGCAAATTTTCCCCCAG,CTGGGGGAAAATTTGCTGGTTC,ACCCCATGGTCTGGGGGAAAATTTGCTGGTTCAGCCAGAGGG,-0.9224
chr6_29487659_29487681_+_7922,CTTGGGGGCAATGATATTCAAG,CTTGAATATCATTGCCCCCAAG,AGGCCCTGCCCTTGAATATCATTGCCCCCAAGGCTGTGCTGG,1.6695
chr6_29487574_29487596_+_7923,CCATGTAGGGATTCGTGGCCCC,GGGGCCACGAATCCCTACATGG,GCTTTGCTGTGGGGCCACGAATCCCTACATGGTATACATCCT,-0.36292
chr7_122995612_122995634_+_9574,CAGTGAGTTGGATGGGTATCAT,ATGATACCCATCCAACTCACTG,GAGTAGAAGAATGATACCCATCCAACTCACTGTCTTCTTCAT,-1.7179
chr7_122995452_122995474_+_9575,CACTGTAGACAGAAGCGAGAGA,TCTCTCGCTTCTGTCTACAGTG,AGCCTGGGCATCTCTCGCTTCTGTCTACAGTGGGCATCAATG,0.72002
chr7_122995500_122995522_+_9576,ACAGGCATCAGCCTTCTGACTT,AAGTCAGAAGGCTGATGCCTGT,GAATGGCTGCAAGTCAGAAGGCTGATGCCTGTGGACATGATT,-3.051
chr7_122995676_122995698_+_9577,TCTGTACCAATTTCCAGGTAGA,TCTACCTGGAAATTGGTACAGA,GAACCCATTCTCTACCTGGAAATTGGTACAGAGATTCAGAGT,0.3486
chr7_122995642_122995664_+_9578,TCCAAAGTGTCTTCCTGGACAA,TTGTCCAGGAAGACACTTTGGA,TTCAGAGTCTTTGTCCAGGAAGACACTTTGGAGTAGAAGAAT,-2.7641
chr7_122995279_122995301_+_9579,TCAGCCAGAGAAAGATGTGATG,CATCACATCTTTCTCTGGCTGA,TTCTTTCACCCATCACATCTTTCTCTGGCTGAGGTGGAGAAT,1.0377
chr7_122995313_122995335_+_9580,GACCTTGATGCAGTAGAACACG,CGTGTTCTACTGCATCAAGGTC,GCTTGCTTACCGTGTTCTACTGCATCAAGGTCTCTTCTTTCA,1.4319
chr7_122994876_122994898_+_9581,TCAAATAGAGTACCTATAATGG,CCATTATAGGTACTCTATTTGA,ATACTCATCACCATTATAGGTACTCTATTTGATAAGAGATGT,-1.5581
chr7_122995364_122995386_+_9582,GATATTAAAAAATTCCCAGGTG,CACCTGGGAATTTTTTAATATC,ACTTAACAATCACCTGGGAATTTTTTAATATCCTTACATTCT,-2.0455
chr7_122994912_122994934_+_9583,AGAAAGTAAGAGGTAAACACAA,TTGTGTTTACCTCTTACTTTCT,GTCTTATTTATTGTGTTTACCTCTTACTTTCTAACCATACTC,-2.1075
chr7_122994798_122994820_+_9584,CTCAGCATCAGTGAAGTGGAAT,ATTCCACTTCACTGATGCTGAG,ATCTTAATGCATTCCACTTCACTGATGCTGAGCAGCCCTACG,-0.34587
chr7_122995440_122995462_+_9585,AGCATTGATGCCCACTGTAGAC,GTCTACAGTGGGCATCAATGCT,TCTCGCTTCTGTCTACAGTGGGCATCAATGCTGAACAATTTT,-1.7163
chr7_122994805_122994827_+_9586,TCAGTGAAGTGGAATGCATTAA,TTAATGCATTCCACTTCACTGA,TGCTTTCATCTTAATGCATTCCACTTCACTGATGCTGAGCAG,-1.2349
chr7_122994993_122995015_+_9587,TGACCAGTGCTATGATGTTGTA,TACAACATCATAGCACTGGTCA,ACCAAGCAGATACAACATCATAGCACTGGTCACTGCAATCCA,0.51376
chr7_122995069_122995091_+_9588,AAGGAATAACCAATGCAACTGT,ACAGTTGCATTGGTTATTCCTT,CCAGGCTCATACAGTTGCATTGGTTATTCCTTTCATCCTGTT,-2.7245
chr7_122995354_122995376_+_9589,AGAATGTAAGGATATTAAAAAA,TTTTTTAATATCCTTACATTCT,CACCTGGGAATTTTTTAATATCCTTACATTCTGGTTAAACAG,-1.4983
chr7_122995433_122995455_+_9590,ATTGTTCAGCATTGATGCCCAC,GTGGGCATCAATGCTGAACAAT,TCTGTCTACAGTGGGCATCAATGCTGAACAATTTTTGCTCCT,-2.0792
chr7_122994978_122995000_+_9591,ATGCTTGGATTGCAGTGACCAG,CTGGTCACTGCAATCCAAGCAT,CATCATAGCACTGGTCACTGCAATCCAAGCATGAAAGCGCGC,-2.1438
chr7_122995013_122995035_+_9592,TATCTGCTTGGTCAGTGATGCC,GGCATCACTGACCAAGCAGATA,TCTTTCTCATGGCATCACTGACCAAGCAGATACAACATCATA,0.17282
chr7_122994822_122994844_+_9593,ATTAAGATGAAAGCATAGACAA,TTGTCTATGCTTTCATCTTAAT,TGGGAAGCTTTTGTCTATGCTTTCATCTTAATGCATTCCACT,-1.8346
chr8_127737738_127737760_-_10279,CCCTAGCCGCTCTCCTACCCCC,GGGGGTAGGAGAGCGGCTAGGG,CGGTGCCGGCGGGGGTAGGAGAGCGGCTAGGGCGCGAGTGGG,1.7113
chr8_127739053_127739075_-_10280,AATGGGAAAGGTATCCAGCCGC,GCGGCTGGATACCTTTCCCATT,TCAAAAGTGGGCGGCTGGATACCTTTCCCATTTTCATTGGCA,-0.41915
chr8_127737137_127737159_-_10281,ACAGGCGGGCGGGACGCGCCGC,GCGGCGCGTCCCGCCCGCCTGT,GACGGACACTGCGGCGCGTCCCGCCCGCCTGTCCCCGCGGCG,2.0785
chr8_127737922_127737944_-_10282,CGAAATCGGCCCTGGCGCCCTT,AAGGGCGCCAGGGCCGATTTCG,GCGGCTTCTTAAGGGCGCCAGGGCCGATTTCGATTCCTCTGC,-1.0418
chr8_127736757_127736779_-_10283,TACCCCCCACCCCAGCCCCAGT,ACTGGGGCTGGGGTGGGGGGTA,AGTTATGGTAACTGGGGCTGGGGTGGGGGGTAATCCAGAACT,1.3894
chr8_127737729_127737751_-_10284,CTCTCCTACCCCCGCCGGCACC,GGTGCCGGCGGGGGTAGGAGAG,GAGGGGCTGCGGTGCCGGCGGGGGTAGGAGAGCGGCTAGGGC,1.1384
chr8_127739496_127739518_-_10285,GCAGTTCACTGGCTCCCGCACT,AGTGCGGGAGCCAGTGAACTGC,GGCCTGCCTGAGTGCGGGAGCCAGTGAACTGCCTCAAGAGTG,-0.27609
chr8_127736799_127736821_-_10286,TCCCATCTTGACAAGTCACTTT,AAAGTGACTTGTCAAGATGGGA,GGATCGGGGTAAAGTGACTTGTCAAGATGGGAGAGGAGAAGG,-2.6735
chr8_127737617_127737639_-_10287,TTCTCTCGCCGGCTGGAGTGGC,GCCACTCCAGCCGGCGAGAGAA,GGCTGAGCTCGCCACTCCAGCCGGCGAGAGAAAGAAGAAAAG,1.3825
chr8_127740331_127740353_-_10288,ATTAAAATAATCAATTACCAGA,TCTGGTAATTGATTATTTTAAT,ACAGCATTAATCTGGTAATTGATTATTTTAATGTAACCTTGC,-3.1245
chr8_127739840_127739862_-_10289,CCAGGATAGGACATTGATGCCA,TGGCATCAATGTCCTATCCTGG,AGGTAAGAATTGGCATCAATGTCCTATCCTGGGAAGTTGCAC,-0.68244
chr8_127737844_127737866_-_10290,AGTTTTGCGCCACCTGAAGGAG,CTCCTTCAGGTGGCGCAAAACT,CTCTCGCCTTCTCCTTCAGGTGGCGCAAAACTTTGTGCCTTG,0.30412
chr8_127740044_127740066_-_10291,GAATCTCTTGAACCAGGGGGTT,AACCCCCTGGTTCAAGAGATTC,ATCAACCTCCAACCCCCTGGTTCAAGAGATTCTCCTGCCTCA,-0.36037
chr8_127738047_127738069_-_10292,GGACAGTCCCCTGCTATCTCGG,CCGAGATAGCAGGGGACTGTCC,AAGTGCGTCTCCGAGATAGCAGGGGACTGTCCAAAGGGGGTG,1.2951
chr8_127737946_127737968_-_10293,TCGGCCCCGCAGCGGCAGAGGA,TCCTCTGCCGCTGCGGGGCCGA,CGATTTCGATTCCTCTGCCGCTGCGGGGCCGACTCCCGGGCT,2.055
chr8_127739156_127739178_-_10294,CGCTAAAGCCCAAGGTTTCAGA,TCTGAAACCTTGGGCTTTAGCG,GCTCATCACCTCTGAAACCTTGGGCTTTAGCGTTTCCTCCCA,1.3916
chr8_127740322_127740344_-_10295,ATCAATTACCAGATTAATGCTG,CAGCATTAATCTGGTAATTGAT,TGTATTTGTACAGCATTAATCTGGTAATTGATTATTTTAATG,-2.2969
chr8_127737599_127737621_-_10296,TGGCGAGCTCAGCCGCGGGCTT,AAGCCCGCGGCTGAGCTCGCCA,AGGGGTGTTAAAGCCCGCGGCTGAGCTCGCCACTCCAGCCGG,1.6822
chr8_127740091_127740113_-_10297,GGTGGTGTGCACCTGTAGTCCC,GGGACTACAGGTGCACACCACC,CCAAGTAGCTGGGACTACAGGTGCACACCACCATGCCAGGCT,2.7988
chr8_127736714_127736736_-_10298,AGTGTCAATAGCGCAGGAATGG,CCATTCCTGCGCTATTGACACT,GTCTTTTCTCCCATTCCTGCGCTATTGACACTTTTCTCAGAG,-1.8249
chr8_127737616_127737638_-_10299,TCTCTCGCCGGCTGGAGTGGCG,CGCCACTCCAGCCGGCGAGAGA,CGGCTGAGCTCGCCACTCCAGCCGGCGAGAGAAAGAAGAAAA,0.37963
chr8_127737493_127737515_-_10300,CCAGAGACCCCGCTGCGATACC,GGTATCGCAGCGGGGTCTCTGG,CTCCGGGGGAGGTATCGCAGCGGGGTCTCTGGCGCAGTTGCA,0.87482
chr8_127737377_127737399_-_10301,CCCGAGGGCGGCCGCGGCAGGG,CCCTGCCGCGGCCGCCCTCGGG,GCCCTGACTCCCCTGCCGCGGCCGCCCTCGGGTGTCCTCGCG,2.7063
chr8_127737108_127737130_-_10302,GTCTCCGGCTGTCAGAAATGCG,CGCATTTCTGACAGCCGGAGAC,TTCGGCTCACCGCATTTCTGACAGCCGGAGACGGACACTGCG,1.4802
chr8_127736912_127736934_-_10303,AATAAAGCAGGAATGTCCGACC,GGTCGGACATTCCTGCTTTATT,ACTCCCGGCCGGTCGGACATTCCTGCTTTATTGTGTTAATTG,-1.3673
chr8_127739685_127739707_-_10304,GACTTTAGCAACTCCCTATTTT,AAAATAGGGAGTTGCTAAAGTC,CATTTCCAGTAAAATAGGGAGTTGCTAAAGTCATACCAAGCA,-0.3459
chr8_127737805_127737827_-_10305,GGCGCTAGCGGCTGCGTGAACC,GGTTCACGCAGCCGCTAGCGCC,CGCGGAGCGGGGTTCACGCAGCCGCTAGCGCCCAGGCGCCTC,3.0314
chr8_127739416_127739438_-_10306,AATCCCACCACTTCTCGGAAGT,ACTTCCGAGAAGTGGTGGGATT,TTCCCTCTTAACTTCCGAGAAGTGGTGGGATTTAATGAACTA,0.50088
chr8_127737954_127737976_-_10307,CCCGGGAGTCGGCCCCGCAGCG,CGCTGCGGGGCCGACTCCCGGG,ATTCCTCTGCCGCTGCGGGGCCGACTCCCGGGCTTTGCGCTC,1.9146
chr8_127737396_127737418_-_10308,CATCTCGGGCGCGAGGACACCC,GGGTGTCCTCGCGCCCGAGATG,GGCCGCCCTCGGGTGTCCTCGCGCCCGAGATGCGGAGGAACT,-0.0087446
chr8_127736702_127736724_-_10309,GCAGGAATGGGAGAAAAGACAC,GTGTCTTTTCTCCCATTCCTGC,CCTAAATAGGGTGTCTTTTCTCCCATTCCTGCGCTATTGACA,-0.47087
chr8_127737620_127737642_-_10310,TCTTTCTCTCGCCGGCTGGAGT,ACTCCAGCCGGCGAGAGAAAGA,TGAGCTCGCCACTCCAGCCGGCGAGAGAAAGAAGAAAAGCTG,-1.7009
chr8_127739127_127739149_-_10311,AGCTCCCAAATCTCTCCAGATC,GATCTGGAGAGATTTGGGAGCT,AGAGATAGCAGATCTGGAGAGATTTGGGAGCTCATCACCTCT,-0.52056
chr8_127739889_127739911_-_10312,AAAGGGAAAGACAGCTGGGTTA,TAACCCAGCTGTCTTTCCCTTT,GTCCATGCCATAACCCAGCTGTCTTTCCCTTTATGAGACTCT,-0.72539
chr8_127737404_127737426_-_10313,TTCCTCCGCATCTCGGGCGCGA,TCGCGCCCGAGATGCGGAGGAA,TCGGGTGTCCTCGCGCCCGAGATGCGGAGGAACTGCGAGGAG,1.296
chr8_127739929_127739951_-_10314,GCCACCCTTACTCCTCTCACCA,TGGTGAGAGGAGTAAGGGTGGC,CTTACCTTCATGGTGAGAGGAGTAAGGGTGGCTGGCTAGATT,1.0434
chr8_127740321_127740343_-_10315,TCAATTACCAGATTAATGCTGT,ACAGCATTAATCTGGTAATTGA,TTGTATTTGTACAGCATTAATCTGGTAATTGATTATTTTAAT,-2.0909
chr8_127737085_127737107_-_10316,TGAGCCGAAATTTAAATGCCCT,AGGGCATTTAAATTTCGGCTCA,CGTCTCCGGGAGGGCATTTAAATTTCGGCTCACCGCATTTCT,-0.54369
chr8_127739919_127739941_-_10317,CTCCTCTCACCATGAAGGTAAG,CTTACCTTCATGGTGAGAGGAG,TTATGAGACTCTTACCTTCATGGTGAGAGGAGTAAGGGTGGC,0.25286
chr8_127737082_127737104_-_10318,GCCGAAATTTAAATGCCCTCCC,GGGAGGGCATTTAAATTTCGGC,CCCCGTCTCCGGGAGGGCATTTAAATTTCGGCTCACCGCATT,-2.5815
chr8_127737547_127737569_-_10319,TCAAATAATAATAGGGGCACCT,AGGTGCCCCTATTATTATTTGA,GTGCGAAGGGAGGTGCCCCTATTATTATTTGACACCCCCCTT,-1.69
chr8_127739021_127739043_-_10320,CAGGCCTGGGCGGGCTTCGCTT,AAGCGAAGCCCGCCCAGGCCTG,CGACTCTGGTAAGCGAAGCCCGCCCAGGCCTGTCAAAAGTGG,1.3657
chr8_127739023_127739045_-_10321,GACAGGCCTGGGCGGGCTTCGC,GCGAAGCCCGCCCAGGCCTGTC,ACTCTGGTAAGCGAAGCCCGCCCAGGCCTGTCAAAAGTGGGC,2.2069
chr8_127739144_127739166_-_10322,AGGTTTCAGAGGTGATGAGCTC,GAGCTCATCACCTCTGAAACCT,AGAGATTTGGGAGCTCATCACCTCTGAAACCTTGGGCTTTAG,0.61579
chr8_127737398_127737420_-_10323,CGCATCTCGGGCGCGAGGACAC,GTGTCCTCGCGCCCGAGATGCG,CCGCCCTCGGGTGTCCTCGCGCCCGAGATGCGGAGGAACTGC,-0.20054
chr8_127739169_127739191_-_10324,GGATGGGAGGAAACGCTAAAGC,GCTTTAGCGTTTCCTCCCATCC,GAAACCTTGGGCTTTAGCGTTTCCTCCCATCCCTTCCCCTTA,1.8929
chr8_127736985_127737007_-_10325,TCAGGATGCAAGGGGCTTTCTG,CAGAAAGCCCCTTGCATCCTGA,TTGCGGTGGGCAGAAAGCCCCTTGCATCCTGAGCTCCTTGGA,-0.66857
chr8_127739214_127739236_-_10326,ACAAACGGGGAGGGGGGCTGCA,TGCAGCCCCCCTCCCCGTTTGT,TGCCCATGTTTGCAGCCCCCCTCCCCGTTTGTCTCCCACCCC,1.1659
chr8_127740341_127740363_-_10327,GCAAGGTTACATTAAAATAATC,GATTATTTTAATGTAACCTTGC,TCTGGTAATTGATTATTTTAATGTAACCTTGCTAAAGGAGTG,-1.3305
chr8_127737136_127737158_-_10328,CAGGCGGGCGGGACGCGCCGCA,TGCGGCGCGTCCCGCCCGCCTG,AGACGGACACTGCGGCGCGTCCCGCCCGCCTGTCCCCGCGGC,3.7542
chr10_8062361_8062383_-_10329,TTTTTTAAAAAAAAAAAAAAAA,TTTTTTTTTTTTTTTTAAAAAA,TACATCCTCATTTTTTTTTTTTTTTTAAAAAACAAAGTAGAC,-4.96
chr10_8061651_8061673_-_10330,TTTTCTGTCTTGATTCACTCGG,CCGAGTGAATCAAGACAGAAAA,GGCAACCTTGCCGAGTGAATCAAGACAGAAAATTACCCTAGT,-1.2002
chr10_8064974_8064996_-_10331,CATTCACTATTCAAACTTCCAA,TTGGAAGTTTGAATAGTGAATG,AAGCTCCTCTTTGGAAGTTTGAATAGTGAATGTATGTGACAG,-1.581
chr10_8069031_8069053_-_10332,TGTTTTCAAACACAACTCCCAA,TTGGGAGTTGTGTTTGAAAACA,ATGGATATTCTTGGGAGTTGTGTTTGAAAACAACCTCTTGTG,-1.7137
chr10_8059234_8059256_-_10333,AGGGACCTGTGTTTGTTTAGGC,GCCTAAACAAACACAGGTCCCT,ACCTCCTCAAGCCTAAACAAACACAGGTCCCTCTATGACCCC,0.79036
chr10_8072649_8072671_-_10334,CTAGAGTAAAGAGACAGAGACC,GGTCTCTGTCTCTTTACTCTAG,AGTAGGGTCTGGTCTCTGTCTCTTTACTCTAGCACATTCTTG,0.34825
chr10_8062023_8062045_-_10335,CGCAGGCCTGCCTTTTTGTGTC,GACACAAAAAGGCAGGCCTGCG,AGCCACCAGCGACACAAAAAGGCAGGCCTGCGGCCTGGCTTG,1.3335
chr10_8059017_8059039_-_10336,CCTCTGCTTCCGAGGCCAGGCG,CGCCTGGCCTCGGAAGCAGAGG,TCCTAGCTCACGCCTGGCCTCGGAAGCAGAGGGGAAGTGGGA,0.5952
chr10_8066934_8066956_-_10337,TACAAGCATATAATGCCAACTG,CAGTTGGCATTATATGCTTGTA,CTGACTTTACCAGTTGGCATTATATGCTTGTACTCTGTACAT,1.1147
chr10_8062319_8062341_-_10338,TTTTTTTTGCTCCACATTCCAA,TTGGAATGTGGAGCAAAAAAAA,TAAGAATCTTTTGGAATGTGGAGCAAAAAAAAAAACCTCTCT,-1.7274
chr10_8056082_8056104_-_10339,CTGCTGCGACTCTTTCAAAACA,TGTTTTGAAAGAGTCGCAGCAG,CGCGAGAGTGTGTTTTGAAAGAGTCGCAGCAGGCGCCTCTCC,1.2889
chr10_8063212_8063234_-_10340,GGAGGGAAAAAGGAAAAGGGAA,TTCCCTTTTCCTTTTTCCCTCC,CTCCCAAACCTTCCCTTTTCCTTTTTCCCTCCCTCCCCCTCT,1.8986
chr10_8061409_8061431_-_10341,ACAGCTGCTGGCAAATGCCTCT,AGAGGCATTTGCCAGCAGCTGT,AGGCGGAGCAAGAGGCATTTGCCAGCAGCTGTTGAATGTCAA,-2.2984
chr10_8071515_8071537_-_10342,TTTACTTTGATTTGAGAAATTC,GAATTTCTCAAATCAAAGTAAA,TGAAGAACATGAATTTCTCAAATCAAAGTAAAGCTGAGGAAT,-2.4997
chr10_8070137_8070159_-_10343,CAAAGACATCAGACGAAATCTG,CAGATTTCGTCTGATGTCTTTG,AAATGTCTGACAGATTTCGTCTGATGTCTTTGTCCGAACCAA,-0.78059
chr10_8060629_8060651_-_10344,TCTTGGAAAAGTCACTCTGTCC,GGACAGAGTGACTTTTCCAAGA,CGGGGGGAGGGGACAGAGTGACTTTTCCAAGATACTCTGGTT,0.47796
chr10_8063079_8063101_-_10345,CAAAAACACAAACAAACAAAAT,ATTTTGTTTGTTTGTGTTTTTG,TTTTTCGTTTATTTTGTTTGTTTGTGTTTTTGGGAAAAGAGA,-2.2969
chr10_8060476_8060498_-_10346,ATAGGTCTGCTCTCTTTCGATT,AATCGAAAGAGAGCAGACCTAT,TGGGGAGCTGAATCGAAAGAGAGCAGACCTATGCATTTTGAG,-1.1058
chr10_8072738_8072760_-_10347,ACCAACCAATCAACATGTATTT,AAATACATGTTGATTGGTTGGT,GGTGGTTATTAAATACATGTTGATTGGTTGGTTGGCTGTTTG,-1.4364
chr10_8067277_8067299_-_10348,AAAAACTGCCCTGGCCTATCAT,ATGATAGGCCAGGGCAGTTTTT,CTTCTCCCTTATGATAGGCCAGGGCAGTTTTTAGTTTCCAGT,-1.8905
chr10_8064418_8064440_-_10349,CACTGCAGATTTGATAACCAAG,CTTGGTTATCAAATCTGCAGTG,AGACTGAATTCTTGGTTATCAAATCTGCAGTGTATTCCTGAA,-1.6446
chr10_8064545_8064567_-_10350,CCATTCTGGATGGTTTCTGGAA,TTCCAGAAACCATCCAGAATGG,GGACGGAATGTTCCAGAAACCATCCAGAATGGGTTCCTGAAG,0.65787
chr10_8061439_8061461_-_10351,CCACAGAGCGGCGAGGCCTCTT,AAGAGGCCTCGCCGCTCTGTGG,GTTGAATGTCAAGAGGCCTCGCCGCTCTGTGGTTCTTGTCAC,-0.20581
chr10_8060233_8060255_-_10352,CCGCATCCGGACTCTATTAAAG,CTTTAATAGAGTCCGGATGCGG,GAGCCAGGAACTTTAATAGAGTCCGGATGCGGTTAGGCTGAC,0.64898
chr10_8062058_8062080_-_10353,AGTGGGCGAGTAACCGGCTGCA,TGCAGCCGGTTACTCGCCCACT,TGGCTTGGGCTGCAGCCGGTTACTCGCCCACTCACCCTTCAC,0.42339
chr10_8057849_8057871_-_10354,TGATAAGAGAGCCGGCTGTGAG,CTCACAGCCGGCTCTCTTATCA,GGCCTCCTCACTCACAGCCGGCTCTCTTATCAGGCTGGCTGG,-0.1052
chr10_8064877_8064899_-_10355,GATCCCTCATGCTTAAAAAGTT,AACTTTTTAAGCATGAGGGATC,TTCTTTTAAAAACTTTTTAAGCATGAGGGATCCTTGAGAAAA,-1.2353
chr10_8069150_8069172_-_10356,CAACCCACAAAGTACACCAGAG,CTCTGGTGTACTTTGTGGGTTG,AAAATTAACCCTCTGGTGTACTTTGTGGGTTGAGGGTAGGAG,0.10905
chr10_8060327_8060349_-_10357,TTCTTTTTGACTCCACCAGCTA,TAGCTGGTGGAGTCAAAAAGAA,GGAGGCAGGCTAGCTGGTGGAGTCAAAAAGAAAGCAAGAGGC,-1.6297
chr10_8059405_8059427_-_10358,TTCAGCTGAGAGCCCCCTTTTC,GAAAAGGGGGCTCTCAGCTGAA,TCTCTGCGTGGAAAAGGGGGCTCTCAGCTGAACTGGGAGAAA,0.27384
chr10_8062229_8062251_-_10359,CACGCTGCAGTGCATGCCAAAG,CTTTGGCATGCACTGCAGCGTG,AGGAAGGCGCCTTTGGCATGCACTGCAGCGTGTTTGTGTTTA,-0.1474
chr10_8072166_8072188_-_10360,GAGAGGTCACCTGGAGAAGGAA,TTCCTTCTCCAGGTGACCTCTC,GGGGCTTTGTTTCCTTCTCCAGGTGACCTCTCCCAGCTCAGC,1.3853
chr10_8071436_8071458_-_10361,CCAGCTAACTATTCAAAAAAAC,GTTTTTTTGAATAGTTAGCTGG,CTAGCTATATGTTTTTTTGAATAGTTAGCTGGGATGAGATAT,0.89915
chr10_8057806_8057828_-_10362,GCCCGGCCACACAACTGCTCCA,TGGAGCAGTTGTGTGGCCGGGC,TTTTCTGGTGTGGAGCAGTTGTGTGGCCGGGCTCCATCCTTC,3.7595
chr10_8067886_8067908_-_10363,ATAAGAACACAGAACAAGAACT,AGTTCTTGTTCTGTGTTCTTAT,GGATCCCTATAGTTCTTGTTCTGTGTTCTTATAACCATACCA,-2.1968
chr10_8059945_8059967_-_10364,TCTATATAGGATCTGTAGAGAG,CTCTCTACAGATCCTATATAGA,CCTCCGCTGTCTCTCTACAGATCCTATATAGAAAGCAATCGT,-0.3664
chr10_8069075_8069097_-_10365,GGCTTTCAGTTGCCTTTTTCAC,GTGAAAAAGGCAACTGAAAGCC,CCTGGACTTGGTGAAAAAGGCAACTGAAAGCCCAGTTCCAAA,2.4076
chr10_8056570_8056592_-_10366,ATCTGGGAAATCTCAGATCCCT,AGGGATCTGAGATTTCCCAGAT,CTTAAGTTTGAGGGATCTGAGATTTCCCAGATTCCCGGCTGC,0.59777
chr10_8066244_8066266_-_10367,AGAGATTTCCTATGAAAGGTGA,TCACCTTTCATAGGAAATCTCT,TTATCTCCACTCACCTTTCATAGGAAATCTCTAGAACTCTGA,-2.1464
chr10_8067872_8067894_-_10368,CAAGAACTATAGGGATCCTGGT,ACCAGGATCCCTATAGTTCTTG,ACAAAACTGTACCAGGATCCCTATAGTTCTTGTTCTGTGTTC,-1.0558
chr10_8070729_8070751_-_10369,AACTTGCTCCCAAGAAGTGAAA,TTTCACTTCTTGGGAGCAAGTT,CCTGCTTCTTTTTCACTTCTTGGGAGCAAGTTGCTGTGATTC,0.83203
chr10_8061047_8061069_-_10370,GAGCAACCACTAAAACCAAGAG,CTCTTGGTTTTAGTGGTTGCTC,GGAGGGGATTCTCTTGGTTTTAGTGGTTGCTCTCTCTCTCTC,1.024
chr10_8067067_8067089_-_10371,TTGACAATTAAATTATATGTGA,TCACATATAATTTAATTGTCAA,AAGATAATAATCACATATAATTTAATTGTCAAAATCATTAAG,-0.89337
chr10_8056258_8056280_-_10372,CCGGCTACCGGGCCCAGAGAGC,GCTCTCTGGGCCCGGTAGCCGG,GCGGGTCCGGGCTCTCTGGGCCCGGTAGCCGGCGCCGGACAA,1.7872
chr10_8068961_8068983_-_10373,AAAGGAGGCGCAAAGCCAAGCA,TGCTTGGCTTTGCGCCTCCTTT,GTGTTTTTGGTGCTTGGCTTTGCGCCTCCTTTGCTGTGAATG,-1.1114
chr10_8063084_8063106_-_10374,TTTCCCAAAAACACAAACAAAC,GTTTGTTTGTGTTTTTGGGAAA,CGTTTATTTTGTTTGTTTGTGTTTTTGGGAAAAGAGAAACTG,1.9042
chr10_8056951_8056973_-_10375,TGTCAAGGCAGGCTCTGAGTAG,CTACTCAGAGCCTGCCTTGACA,CCTGATTCCCCTACTCAGAGCCTGCCTTGACACGGATGACAT,0.37612
chr10_8071924_8071946_-_10376,CCGATATCTAGCTATACATAGC,GCTATGTATAGCTAGATATCGG,TAGATACCTGGCTATGTATAGCTAGATATCGGCATCAGAGCT,-0.42473
chr10_8068959_8068981_-_10377,AGGAGGCGCAAAGCCAAGCACC,GGTGCTTGGCTTTGCGCCTCCT,GAGTGTTTTTGGTGCTTGGCTTTGCGCCTCCTTTGCTGTGAA,1.0008
chr10_8058095_8058117_-_10378,GGGGACAGAATCCTTCACCCAT,ATGGGTGAAGGATTCTGTCCCC,TGTGGGAGAGATGGGTGAAGGATTCTGTCCCCAGCCTGACCC,1.3154
chr6_151937460_151937482_-_10379,ACAGTTCCTAATTTGTCACCTT,AAGGTGACAAATTAGGAACTGT,GAAGATAGGCAAGGTGACAAATTAGGAACTGTTGCAATGATC,-1.606
chr6_152055275_152055297_-_10380,GATATGTAAATTACTACAACCA,TGGTTGTAGTAATTTACATATC,AGCTCCATAATGGTTGTAGTAATTTACATATCCAACCAAGCA,-1.4206
chr6_151835054_151835076_-_10381,TTAAACTGCATTTCCTCCAGGG,CCCTGGAGGAAATGCAGTTTAA,CAGCAAAGCTCCCTGGAGGAAATGCAGTTTAAGCTGAGAATG,-1.5375
chr6_152036266_152036288_-_10382,TCCCAGGTTCACACCATTCTCC,GGAGAATGGTGTGAACCTGGGA,GGCTGAGGCAGGAGAATGGTGTGAACCTGGGAGGCGGAGCTT,-0.51613
chr6_151973643_151973665_-_10383,TTCTACAATGACTTTCTCAGTG,CACTGAGAAAGTCATTGTAGAA,TTCTAGCAGGCACTGAGAAAGTCATTGTAGAAGTTACCATGA,-0.89617
chr6_152010273_152010295_-_10384,TATGAATGGTCTGCTTACAGGA,TCCTGTAAGCAGACCATTCATA,AGAAGAAACATCCTGTAAGCAGACCATTCATACTTGATTGTT,-0.5725
chr6_151912424_151912446_-_10385,GATCAAATTGTTTTTAAATGGT,ACCATTTAAAAACAATTTGATC,TGGTGCAGGGACCATTTAAAAACAATTTGATCATAGAGGTTA,-1.3195
chr6_152058692_152058714_-_10386,TCAGTAAAGAGATCTAGAATGG,CCATTCTAGATCTCTTTACTGA,TGTCTTGTTCCCATTCTAGATCTCTTTACTGACAGTGCCCAT,-0.6962
chr6_151825214_151825236_-_10387,ATCAAGCTCTACCAAGGCAGCC,GGCTGCCTTGGTAGAGCTTGAT,CTTTGGGGGTGGCTGCCTTGGTAGAGCTTGATCGTGACTCTG,-3.4515
chr6_151985458_151985480_-_10388,GCTAGAGTGCAGTGGCGCAATC,GATTGCGCCACTGCACTCTAGC,AGTGAGCCGAGATTGCGCCACTGCACTCTAGCTGGGGCAACA,-1.2223
chr6_151924451_151924473_-_10389,TGTACATATGTACCCCAAATCT,AGATTTGGGGTACATATGTACA,CTTTTATTTTAGATTTGGGGTACATATGTACATTTGTTAATA,-2.0245
chr6_151961408_151961430_-_10390,CCACCCCCTCCCTCTATCACGG,CCGTGATAGAGGGAGGGGGTGG,TCAAGAGCAGCCGTGATAGAGGGAGGGGGTGGAGATATACTT,0.37549
chr6_152080677_152080699_-_10391,TGTCTTTTAATTGGAGCATTTA,TAAATGCTCCAATTAAAAGACA,GTAAATGGGCTAAATGCTCCAATTAAAAGACACAGACTGGCA,-1.9804
chr6_151974695_151974717_-_10392,AATGGCAGACTTATAACAAACA,TGTTTGTTATAAGTCTGCCATT,ACCATACAAATGTTTGTTATAAGTCTGCCATTTGAATACATC,-1.7461
chr6_152027626_152027648_-_10393,CTGGCATCCAGCTTCTTGTGAG,CTCACAAGAAGCTGGATGCCAG,TAAAATGTTGCTCACAAGAAGCTGGATGCCAGTCTGATTTTC,1.2552
chr6_151943066_151943088_-_10394,GTTTAGCCAGTTGTGGTTCTCA,TGAGAACCACAACTGGCTAAAC,ATTTAGTTAGTGAGAACCACAACTGGCTAAACCTTTGTGGGG,-0.53996
chr6_151959463_151959485_-_10395,GAGAAAAAGATGAGAGGGCAAG,CTTGCCCTCTCATCTTTTTCTC,TTGTCTCTCCCTTGCCCTCTCATCTTTTTCTCAATCTTTATA,-0.08953
chr6_151924332_151924354_-_10396,ATTAAGAAATTGCAGGCCGGAC,GTCCGGCCTGCAATTTCTTAAT,AAGCCACGGCGTCCGGCCTGCAATTTCTTAATGACAAAAAAT,-1.8678
chr6_152025287_152025309_-_10397,TCCAATTCTACTTACACCTTCC,GGAAGGTGTAAGTAGAATTGGA,CCTATGTCCTGGAAGGTGTAAGTAGAATTGGAATTATTTGAT,-1.6392
chr6_151906103_151906125_-_10398,TATGGTGTGTCTAATTTAGTAG,CTACTAAATTAGACACACCATA,GTAAAATAAACTACTAAATTAGACACACCATATTTTTTAAAT,0.36326
chr6_151852183_151852205_-_10399,TCTGGACATCCAGCTATCATCT,AGATGATAGCTGGATGTCCAGA,GCTGCATTTGAGATGATAGCTGGATGTCCAGATGGAATTATC,-1.0865
chr6_151867907_151867929_-_10400,ATTAATGAACAAACACTTGGGT,ACCCAAGTGTTTGTTCATTAAT,ATTCAGAAGCACCCAAGTGTTTGTTCATTAATCCTTTTTTAT,0.1146
chr6_151893139_151893161_-_10401,TGGAGTGCAGTGGCACGATCTT,AAGATCGTGCCACTGCACTCCA,GCAGTGAGCCAAGATCGTGCCACTGCACTCCAGACTGGGCGA,0.37071
chr6_151912228_151912250_-_10402,CTCCAAACATAATGTAAGATAC,GTATCTTACATTATGTTTGGAG,GATAGGCGCTGTATCTTACATTATGTTTGGAGCATAGTTTTT,-0.80059
chr6_151983278_151983300_-_10403,CATGCTTTCAAAAGATTGAATT,AATTCAATCTTTTGAAAGCATG,CGACTACTCCAATTCAATCTTTTGAAAGCATGTGAAGGAGCA,-0.73144
chr6_152083340_152083362_-_10404,CCCATTTCTTGTTTTTGTCAGG,CCTGACAAAAACAAGAAATGGG,CTTTGACAAACCTGACAAAAACAAGAAATGGGGAAAGGATTC,0.5533
chr6_152032320_152032342_-_10405,TTCCTCTTTTCCTAATTGAATA,TATTCAATTAGGAAAAGAGGAA,AAATAAAGGGTATTCAATTAGGAAAAGAGGAAGTCAAATTGT,3.1213
chr6_151949155_151949177_-_10406,GCTGTTTCTCTGTCCCTTACAA,TTGTAAGGGACAGAGAAACAGC,AATCTCTCTTTTGTAAGGGACAGAGAAACAGCTAGAGAAATA,1.7564
chr6_151806086_151806108_-_10407,TTTTACAGATGATTTAATTTCC,GGAAATTAAATCATCTGTAAAA,TGTGATTTATGGAAATTAAATCATCTGTAAAAAATTGCTTTG,-0.69202
chr6_151905425_151905447_-_10408,ATGTAATTTAGAATCAACCAAG,CTTGGTTGATTCTAAATTACAT,TGGGTTAAAACTTGGTTGATTCTAAATTACATGAAGAGCTGA,-1.2466
chr6_151893299_151893321_-_10409,GCTGGAGTGCAATGGTGCCATC,GATGGCACCATTGCACTCCAGC,AGTGAGTTAAGATGGCACCATTGCACTCCAGCCTGGGTAACA,0.039328
chr6_151810295_151810317_-_10410,ACACAGAGTCCCATTTGTGCAA,TTGCACAAATGGGACTCTGTGT,AAAAAAAAACTTGCACAAATGGGACTCTGTGTGGAAATTCAG,0.20207
chr6_151960949_151960971_-_10411,CAGGACAAAATAATCATCCATA,TATGGATGATTATTTTGTCCTG,AGAATTCAGTTATGGATGATTATTTTGTCCTGAACAATGATA,-1.5831
chr6_152001803_152001825_-_10412,TCCATTATCCTACACAAATTTC,GAAATTTGTGTAGGATAATGGA,CTTTGTTGCTGAAATTTGTGTAGGATAATGGAATGAATATGG,-1.2178
chr6_152005622_152005644_-_10413,AAGGGGTTAGCAGATGTCCCAG,CTGGGACATCTGCTAACCCCTT,CCATGGCTTTCTGGGACATCTGCTAACCCCTTAATTTTTACA,1.2186
chr6_151870352_151870374_-_10414,GCATTTCAGAAGCAGTAATAAA,TTTATTACTGCTTCTGAAATGC,TGGAAATAGTTTTATTACTGCTTCTGAAATGCCCTCCCAATG,0.44686
chr6_151980585_151980607_-_10415,GTCCTTAAGGGCTACTCCAAAG,CTTTGGAGTAGCCCTTAAGGAC,ATTCTTTTCTCTTTGGAGTAGCCCTTAAGGACCAGATTAGAC,4.1196
chr6_151930128_151930150_-_10416,TTAGCCGGGCATGGTGGCACAT,ATGTGCCACCATGCCCGGCTAA,AATTACAGGCATGTGCCACCATGCCCGGCTAATTTTGTATTT,-0.80412
chr6_152053843_152053865_-_10417,TTACACATACAATAGCAGAATC,GATTCTGCTATTGTATGTGTAA,TACACCCCTTGATTCTGCTATTGTATGTGTAAGGATTTTTTC,-1.8133
chr6_152022733_152022755_-_10418,AGGTGATCTGCCAGCCTCGGCC,GGCCGAGGCTGGCAGATCACCT,CACTTTGGGAGGCCGAGGCTGGCAGATCACCTGAGGTTGGGA,1.0175
chr6_152017736_152017758_-_10419,CATCTCTTTGAAAGCAAAGAGA,TCTCTTTGCTTTCAAAGAGATG,CCTTGTGGGGTCTCTTTGCTTTCAAAGAGATGTTAGAGATGT,0.95498
chr6_151989576_151989598_-_10420,TTTCAACTGCAGAAAAATATTA,TAATATTTTTCTGCAGTTGAAA,ATTTGGTCACTAATATTTTTCTGCAGTTGAAATATATGTAGA,-3.7351
chr6_152031342_152031364_-_10421,TTTCAAAAAACCAGCTCCTAGA,TCTAGGAGCTGGTTTTTTGAAA,AATCAATGAATCTAGGAGCTGGTTTTTTGAAAAGATCAATAA,-2.6399
chr6_151928919_151928941_-_10422,AGAACAGAAAGTGTACAAAGTA,TACTTTGTACACTTTCTGTTCT,TGTGAGAGCCTACTTTGTACACTTTCTGTTCTTTTAAATTTG,-1.9453
chr6_151929818_151929840_-_10423,CACTTGCTTTAAATATAAATTG,CAATTTATATTTAAAGCAAGTG,TATATTTAAACAATTTATATTTAAAGCAAGTGTTGATATATT,-3.5086
chr6_151998509_151998531_-_10424,TCCTGAGTCATCTGTGTGCTAG,CTAGCACACAGATGACTCAGGA,CCTAGTGAGTCTAGCACACAGATGACTCAGGAAGTCATGCAC,-1.2044
chr6_151953151_151953173_-_10425,AAGCTAAGCCAGAAAGATTCAA,TTGAATCTTTCTGGCTTAGCTT,GGTGACTGCATTGAATCTTTCTGGCTTAGCTTATTCTGCATC,1.804
chr6_151873788_151873810_-_10426,ATGTCAAAATCTGACTTCCTTT,AAAGGAAGTCAGATTTTGACAT,TTAGAAGTAGAAAGGAAGTCAGATTTTGACATCTTACTTGTC,-0.77985
chr6_152072933_152072955_-_10427,CACTAAGATTTTTCTAGAAGGT,ACCTTCTAGAAAAATCTTAGTG,AACACTCAGCACCTTCTAGAAAAATCTTAGTGCCATGCTTTC,-1.2808
chr6_152030790_152030812_-_10428,GGAGAGTTCTGTAGATGTCTAT,ATAGACATCTACAGAACTCTCC,AGCAGACCTAATAGACATCTACAGAACTCTCCACCCCAAATC,-0.26162
chr14_37593461_37593483_+_10429,AATTTGGTGACACAGTTTGTCA,TGACAAACTGTGTCACCAAATT,AGATTTATTTTGACAAACTGTGTCACCAAATTTTTCAAACAG,0.50357
chr14_37593066_37593088_+_10430,CTCGGCAAAGCGCCCTTTGGGG,CCCCAAAGGGCGCTTTGCCGAG,AACGATTTCCCCCCAAAGGGCGCTTTGCCGAGGCTGGTTGGG,1.6006
chr14_37594227_37594249_+_10431,TTTCCCTGTAATCCTTTTGTGC,GCACAAAAGGATTACAGGGAAA,TTTACAATGTGCACAAAAGGATTACAGGGAAAACCAGTTACA,1.902
chr14_37592800_37592822_+_10432,CAAGTGCAGAGCACTTTGCAGA,TCTGCAAAGTGCTCTGCACTTG,CGTCCCGTGTTCTGCAAAGTGCTCTGCACTTGCCCCCGGGTT,1.1821
chr14_37594189_37594211_+_10433,AATACTTTTAATAGGTGGTAGT,ACTACCACCTATTAAAAGTATT,TACAGGGAGGACTACCACCTATTAAAAGTATTTTTCTGGAAA,-1.9101
chr14_37593409_37593431_+_10434,ATTTAGAAACTCGCATTAATTT,AAATTAATGCGAGTTTCTAAAT,AGTGGTGACAAAATTAATGCGAGTTTCTAAATAGCTTGCAAA,-2.4972
chr14_37594769_37594791_+_10435,GGCAGCGGTGGCACCGAGAAGG,CCTTCTCGGTGCCACCGCTGCC,GCCGGGGGCGCCTTCTCGGTGCCACCGCTGCCCGCCCGCCGG,2.7354
chr14_37594732_37594754_+_10436,CCCGGCCAAGGCCCGGCCGGGG,CCCCGGCCGGGCCTTGGCCGGG,GCCGGTGTGGCCCCGGCCGGGCCTTGGCCGGGCCTGGAAGCG,2.7227
chr14_37594336_37594358_+_10437,TGGTCGCACTAGCGCCACCCAG,CTGGGTGGCGCTAGTGCGACCA,TCTAAAACCGCTGGGTGGCGCTAGTGCGACCAAAATCTTCTT,1.2911
chr14_37593006_37593028_+_10438,CCCCCTCATCGCCTCCTCCATC,GATGGAGGAGGCGATGAGGGGG,GCCTGGCGTGGATGGAGGAGGCGATGAGGGGGCCCTGGAAGC,-0.10124
chr14_37592888_37592910_+_10439,CACGGCAGGGGGAAAATCCTAG,CTAGGATTTTCCCCCTGCCGTG,GCCTGCCGCGCTAGGATTTTCCCCCTGCCGTGCAAGACATCT,1.1508
chr14_37593049_37593071_+_10440,TCTCCACCCCAACCAGCCTCGG,CCGAGGCTGGTTGGGGTGGAGA,GGGCGCTTTGCCGAGGCTGGTTGGGGTGGAGACTTGGGATAC,1.1245
chr14_37594182_37594204_+_10441,CCAGAAAAATACTTTTAATAGG,CCTATTAAAAGTATTTTTCTGG,AGGACTACCACCTATTAAAAGTATTTTTCTGGAAACAGCTGG,-1.0778
chr14_37594741_37594763_+_10442,GGCCCGGCCGGGGCCACACCGG,CCGGTGTGGCCCCGGCCGGGCC,TGCCCGCCCGCCGGTGTGGCCCCGGCCGGGCCTTGGCCGGGC,3.9658
chr14_37594019_37594041_+_10443,TCAAAATATTACGTGATCCTAT,ATAGGATCACGTAATATTTTGA,ACAGAAAAATATAGGATCACGTAATATTTTGATGGTAACTGA,-1.9058
chr14_37593331_37593353_+_10444,GAGGGGGTGCTATAATAATCTC,GAGATTATTATAGCACCCCCTC,ATAGCACTTTGAGATTATTATAGCACCCCCTCCCAGCCCTTT,2.0951
chr14_37593920_37593942_+_10445,AACAAATAGATTTAAATAGGAA,TTCCTATTTAAATCTATTTGTT,TTACTGGGTGTTCCTATTTAAATCTATTTGTTCTCATATTTT,-0.47258
chr14_37594619_37594641_+_10446,GGAAGAGGCAAGCGCTTCCTAG,CTAGGAAGCGCTTGCCTCTTCC,AACAGCGGCTCTAGGAAGCGCTTGCCTCTTCCCAGCAGCGAG,0.39877
chr14_37594482_37594504_+_10447,CGTCTGCGAATTAAACGGTGGG,CCCACCGTTTAATTCGCAGACG,ACCTCTTCGTCCCACCGTTTAATTCGCAGACGTCTTCTGATT,1.7837
chr14_37594168_37594190_+_10448,ATCGCCAGCTGTTTCCAGAAAA,TTTTCTGGAAACAGCTGGCGAT,TTAAAAGTATTTTTCTGGAAACAGCTGGCGATTACCCTCCAA,-1.6484
chr14_37593222_37593244_+_10449,GTTTTCTACCTGCTTGTAGCAA,TTGCTACAAGCAGGTAGAAAAC,AACATTACAGTTGCTACAAGCAGGTAGAAAACACTACTTCTA,-1.2928
chr14_37593388_37593410_+_10450,ACATGTACACCTTTGCAAGCTA,TAGCTTGCAAAGGTGTACATGT,AGTTTCTAAATAGCTTGCAAAGGTGTACATGTAAAGTCATGT,-2.8907
chr14_37592792_37592814_+_10451,CCCGGGGGCAAGTGCAGAGCAC,GTGCTCTGCACTTGCCCCCGGG,GTTCTGCAAAGTGCTCTGCACTTGCCCCCGGGTTAGGTCCCG,2.338
chr14_37593100_37593122_+_10452,TAGAGCAAATCACCTATGGACA,TGTCCATAGGTGATTTGCTCTA,GGGGGTCCCATGTCCATAGGTGATTTGCTCTATCAACGATTT,-1.2049
chr14_37592979_37593001_+_10453,GCCAGGCTCAGGGGCTGGCTTC,GAAGCCAGCCCCTGAGCCTGGC,GGGGGCCCTGGAAGCCAGCCCCTGAGCCTGGCGTGTAAGGCG,1.8923
chr14_37593928_37593950_+_10454,GATTTAAATAGGAACACCCAGT,ACTGGGTGTTCCTATTTAAATC,ACCATAGTTTACTGGGTGTTCCTATTTAAATCTATTTGTTCT,-0.95472
chr14_37594037_37594059_+_10455,CTATATTTTTCTGTCCACGTCT,AGACGTGGACAGAAAAATATAG,AATACTTTTAAGACGTGGACAGAAAAATATAGGATCACGTAA,-2.2034
chr14_37593550_37593572_+_10456,TTCCGTGAGTAGTCTTGAATAA,TTATTCAAGACTACTCACGGAA,GAATTTTAAATTATTCAAGACTACTCACGGAATCTCAAAGCC,-0.78248
chr14_37594585_37594607_+_10457,CCCCGGGCCCGGCTCCTGCTCC,GGAGCAGGAGCCGGGCCCGGGG,GCAGCGAGCGGGAGCAGGAGCCGGGCCCGGGGTGCAGCGGGC,3.3989
chr14_37593092_37593114_+_10458,ATCGTTGATAGAGCAAATCACC,GGTGATTTGCTCTATCAACGAT,CATGTCCATAGGTGATTTGCTCTATCAACGATTTCCCCCCAA,-1.6967
chr14_37593888_37593910_+_10459,TCAGCAAGTATGACTCAATTTG,CAAATTGAGTCATACTTGCTGA,CTCATATTTTCAAATTGAGTCATACTTGCTGATTAAAATAAA,-1.6041
chr14_37592932_37592954_+_10460,CGCTCACAGAAAATATGACCCC,GGGGTCATATTTTCTGTGAGCG,ACATCTTCCTGGGGTCATATTTTCTGTGAGCGTTTATCTTTC,-1.0358
chr14_37594299_37594321_+_10461,GAAACAGGTTCTCGGCCCAGAG,CTCTGGGCCGAGAACCTGTTTC,TTCTTCACAACTCTGGGCCGAGAACCTGTTTCTCTTCATTGT,-0.37899
chr14_37593300_37593322_+_10462,CTAAAAGTAGATCCATAACAGA,TCTGTTATGGATCTACTTTTAG,CCCAGCCCTTTCTGTTATGGATCTACTTTTAGTTTTATTTTT,-1.5664
chr14_37593580_37593602_+_10463,TCGAAAATCAAATTCTACTTAT,ATAAGTAGAATTTGATTTTCGA,TTAAGAGAAAATAAGTAGAATTTGATTTTCGAATTTTAAATT,-2.5049
chr14_37592912_37592934_+_10464,CGGCAGGCATGAAAGATAAACG,CGTTTATCTTTCATGCCTGCCG,TTTCTGTGAGCGTTTATCTTTCATGCCTGCCGCGCTAGGATT,0.11626
chr14_37593870_37593892_+_10465,TCCTTAAGTTTATTTTAATCAG,CTGATTAAAATAAACTTAAGGA,GTCATACTTGCTGATTAAAATAAACTTAAGGACATCATTATT,-1.5223
chr14_37593016_37593038_+_10466,GCCTCCTCCATCCACGCCAGGC,GCCTGGCGTGGATGGAGGAGGC,TTGGGATACCGCCTGGCGTGGATGGAGGAGGCGATGAGGGGG,2.3182
chr14_37593512_37593534_+_10467,GATGTTGCTGCCGATGATTTCA,TGAAATCATCGGCAGCAACATC,AGCCAGGCGTTGAAATCATCGGCAGCAACATCAGCATGTGAA,0.071602
chr14_37592770_37592792_+_10468,AGGGCGGCCGTCCGGGACCTAA,TTAGGTCCCGGACGGCCGCCCT,TGCCCCCGGGTTAGGTCCCGGACGGCCGCCCTCCAGTGCCCA,1.9435
chr14_37594263_37594285_+_10469,ACCCCCATGAACGTGCCACCAA,TTGGTGGCACGTTCATGGGGGT,CATTGTCCCCTTGGTGGCACGTTCATGGGGGTTATTTTTACA,-1.6532
chr14_37594219_37594241_+_10470,TAACTGGTTTTCCCTGTAATCC,GGATTACAGGGAAAACCAGTTA,GTGCACAAAAGGATTACAGGGAAAACCAGTTACAGGGAGGAC,0.34181
chr14_37593562_37593584_+_10471,TCTTGAATAATTTAAAATTCGA,TCGAATTTTAAATTATTCAAGA,AATTTGATTTTCGAATTTTAAATTATTCAAGACTACTCACGG,-2.8552
chr14_37593091_37593113_+_10472,AATCGTTGATAGAGCAAATCAC,GTGATTTGCTCTATCAACGATT,ATGTCCATAGGTGATTTGCTCTATCAACGATTTCCCCCCAAA,-2.1954
chr14_37593476_37593498_+_10473,TTTGTCAAAATAAATCTTTTTT,AAAAAAGATTTATTTTGACAAA,TGTGAAAAAAAAAAAAGATTTATTTTGACAAACTGTGTCACC,-0.41346
chr14_37592731_37592753_+_10474,GAAGAAGCCCCGGAGGGCGGGG,CCCCGCCCTCCGGGGCTTCTTC,CCACCACTAACCCCGCCCTCCGGGGCTTCTTCACTCGCTGTC,1.6929
chr14_37594094_37594116_+_10475,TCCCTCTTCCCAAGATTATCCA,TGGATAATCTTGGGAAGAGGGA,GGAACTGCCTTGGATAATCTTGGGAAGAGGGAAAGAAAATAA,3.7533
chr14_37593671_37593693_+_10476,CTTAATTGAATGGTGGGGTCGA,TCGACCCCACCATTCAATTAAG,CGCAGTCATCTCGACCCCACCATTCAATTAAGACCCCTAGCG,-1.18
chr14_37593235_37593257_+_10477,TTGTAGCAACTGTAATGTTAAA,TTTAACATTACAGTTGCTACAA,TTGCTTCCCTTTTAACATTACAGTTGCTACAAGCAGGTAGAA,-0.13608
chr14_37593981_37594003_+_10478,AACTTGTGAATACATAAATCTA,TAGATTTATGTATTCACAAGTT,CTGACTTATTTAGATTTATGTATTCACAAGTTTACCTCTGAG,-1.8634